# Cyanide Concentration,coordinate,R,G,B,R_std,G_std,B_std,H,S,V,H_std,S_std,V_std,L,a,b,L_std,a_std,b_std,Gray,Gray_std,RGB-KMEANS
6,4,92.70925925925926,70.68197530864198,93.55814814814815,4.77377488072039,4.396249360970643,4.50968248070943,148.96172839506173,62.85432098765432,93.7616049382716,1.964692537201923,3.929817932600272,4.47404944226452,84.46864197530864,141.9322222222222,118.14123456790124,4.755854547476888,1.1197326620974764,0.4019132721262549,79.8337037037037,4.435978031662656,87.32970137207427,65.69330104923324,88.36561743341407,98.4100785945446,75.99167822468792,99.09385113268611,92.99826539462272,70.93553050014455,93.81642093090488
80,4,137.33864197530863,128.8951851851852,144.9972839506173,4.591136187165686,4.796809796621679,4.516471093851291,135.7606172839506,28.35679012345679,144.9972839506173,2.492131739418052,3.3564177800113812,4.516471093851291,140.71135802469135,134.40345679012347,120.40308641975308,4.670516336244523,0.8090158027631852,0.8735427257817411,133.29172839506174,4.584483300886513,137.0311024715357,128.50735906692586,144.75145792835323,131.3694202154951,122.72088250384809,139.14725500256543,142.335294117647,134.1619607843137,149.81568627450983
90,4,140.5725925925926,131.70481481481482,149.879012345679,4.451914771232206,4.871220753812448,4.500389998172387,134.5258024691358,30.955802469135804,149.879012345679,1.5605320113706167,2.5494172000178765,4.500389998172387,143.6504938271605,134.89679012345678,119.39333333333333,4.689620111818416,0.5918913546462079,0.5936744753785944,136.59728395061728,4.657005081249048,136.05044404973356,126.97122557726463,145.34529307282415,147.29905865314987,139.17016654598117,156.64011585807387,141.45389344262293,132.47720286885246,150.75640368852459
