# Cyanide Concentration,coordinate,R,G,B,R_std,G_std,B_std,H,S,V,H_std,S_std,V_std,L,a,b,L_std,a_std,b_std,Gray,Gray_std,RGB-KMEANS
6,6,82.29222222222222,67.36962962962963,88.96987654320988,4.0358472422730465,3.940315975436815,4.0260670677649095,140.78555555555556,61.98444444444444,88.96987654320988,1.4945377913845281,4.02713082926907,4.0260670677649095,78.78444444444445,138.9662962962963,117.63543209876543,4.316200318009486,0.7168000641473125,0.593215863075354,74.30222222222223,3.920918259795784,77.68484596169854,62.87760199833475,84.3309741881765,82.55917394757745,67.64813343923748,89.2753508075192,87.52837064029148,72.43883394065594,94.16970327954189
80,6,129.1016049382716,126.68222222222222,141.5104938271605,4.587763907513847,4.878929755136423,4.393740047839265,124.63975308641976,26.78395061728395,141.5104938271605,1.3438841580998375,3.0937594210904695,4.393740047839265,137.03851851851852,132.0862962962963,120.34777777777778,4.69291536204693,0.7749694449483583,0.9565440623462551,129.0167901234568,4.675965821449003,128.73480662983425,126.34438305709024,141.16863983162327,122.83803206191268,119.97844112769488,135.64621337755665,134.2120481927711,132.06827309236948,146.29277108433735
90,6,138.39925925925925,132.94938271604937,149.59135802469135,4.2703224435972995,4.48252088072337,4.202723911848806,129.76024691358026,28.381604938271604,149.59135802469135,2.674350030789132,2.6765432639743056,4.202723911848806,144.27950617283952,133.42518518518517,119.66493827160494,4.315822139962334,0.7726547327731952,0.8094078363670081,136.44938271604937,4.316523620017664,132.91990291262132,127.2043689320388,144.21213592233008,143.1264718709115,137.9023113824684,154.4160488443088,138.51881505204165,133.07686148919134,149.5962103015746
