# Cyanide Concentration,coordinate,R,G,B,R_std,G_std,B_std,H,S,V,H_std,S_std,V_std,L,a,b,L_std,a_std,b_std,Gray,Gray_std,RGB-KMEANS
6,5,96.40814814814814,78.20037037037036,101.0379012345679,4.106824525318293,4.259307874118691,4.221949761983736,144.24012345679012,57.717654320987656,101.0379012345679,2.005054104024892,3.620198402449597,4.221949761983736,91.49037037037037,140.21395061728396,117.57135802469136,4.502375900756697,0.8289680912597176,0.5372259636464448,86.18629629629629,4.140881383021963,101.11793073213506,83.21306444541868,105.93862341078471,91.2945402298851,72.88218390804597,95.86063218390802,96.3905119270973,78.11203430715626,100.93915840257303
80,5,132.9469135802469,127.73444444444445,144.24987654320987,4.062887935354318,4.240745770658508,4.1792292082251095,129.44037037037037,29.218765432098767,144.24987654320987,2.8686082763376217,2.5727524688484036,4.1792292082251095,139.00753086419752,133.32123456790123,119.55827160493827,4.140563279765057,0.74404198526837,0.7364827826865475,131.11765432098767,4.104662742075776,132.37159372419487,127.09826589595376,143.73162675474813,137.11236363636363,132.1741818181818,148.57636363636362,127.4927198602213,121.96971461852067,138.417006406523
90,5,138.18765432098766,131.49037037037036,149.8962962962963,3.9925666337520864,3.8180249707984633,3.665536675861401,130.99370370370372,31.31395061728395,149.8962962962963,2.2660314711534544,2.169559993515409,3.665536675861401,143.23222222222222,134.0669135802469,118.85024691358025,3.806592559439511,0.6823826122994806,0.4333831176776558,135.54024691358023,3.7580511022579017,132.78836565096952,126.42714681440445,144.99390581717452,137.8735480464625,131.09107708553327,149.54857444561773,142.54966094934184,135.73913043478262,153.95133625847626
