# Cyanide Concentration,coordinate,R,G,B,R_std,G_std,B_std,H,S,V,H_std,S_std,V_std,L,a,b,L_std,a_std,b_std,Gray,Gray_std,RGB-KMEANS
6,8,82.34530864197531,69.9525925925926,89.88567901234568,4.455530226145722,4.362236876009173,4.246889039550113,138.85716049382717,56.65530864197531,89.88567901234568,1.976520658256153,4.302678203114305,4.246889039550113,80.72493827160494,137.54382716049383,118.05703703703703,4.642253104374911,0.9106666502646744,0.6308576260197465,75.87728395061728,4.291392767195169,82.41313158605783,70.07565522831668,90.02728992164279,87.80581613508441,75.25609756097562,95.07363977485927,77.09925011027788,64.76400529333922,84.77547419497132
80,8,124.05790123456791,121.7688888888889,135.5874074074074,4.576939571602103,4.751053944152488,4.511181109959864,124.93629629629629,26.04246913580247,135.5874074074074,1.8097516673272305,2.4521945479303335,4.511181109959864,131.96975308641976,131.75345679012347,120.79851851851852,4.663564967987325,0.745741259359226,0.6300286317442709,123.92987654320987,4.637903020676786,129.37713808927828,127.26741760534004,140.7859824780976,117.9265850945495,115.40322580645164,129.57508342602893,123.61587708066581,121.3247119078105,135.16466069142126
90,8,127.96296296296296,123.69925925925926,142.57074074074075,4.596682766454347,4.576447966984114,4.5448989932352255,126.96580246913581,33.76308641975309,142.57074074074075,1.4729464585053775,2.591971527609637,4.5448989932352255,134.74024691358025,133.49074074074073,118.31604938271605,4.562507967267494,0.5848188023226242,0.5155499976049686,127.18555555555555,4.528157584615525,122.29435850773427,118.13330300272978,137.05550500454956,133.1798792756539,128.91307847082498,147.6551307847082,127.81533508925959,123.48785484342991,142.42083699151303
